{"rustc_fingerprint":8364022557492522543,"outputs":{"9801812020922494658":{"success":true,"status":"","code":0,"stdout":"___\nlib___.rlib\nlib___.dylib\nlib___.dylib\nlib___.a\nlib___.dylib\n","stderr":""},"13695933682260643842":{"success":true,"status":"","code":0,"stdout":"___.exe\nlib___.rlib\n___.dll\n___.dll\nlib___.a\n___.dll\n/Users/bailee/.rustup/toolchains/stable-aarch64-apple-darwin\ndebug_assertions\nproc_macro\ntarget_arch=\"x86_64\"\ntarget_endian=\"little\"\ntarget_env=\"gnu\"\ntarget_family=\"windows\"\ntarget_feature=\"fxsr\"\ntarget_feature=\"sse\"\ntarget_feature=\"sse2\"\ntarget_os=\"windows\"\ntarget_pointer_width=\"64\"\ntarget_vendor=\"pc\"\nwindows\n","stderr":""},"9188953259628460613":{"success":true,"status":"","code":0,"stdout":"___\nlib___.rlib\nlib___.dylib\nlib___.dylib\nlib___.a\nlib___.dylib\n/Users/bailee/.rustup/toolchains/stable-aarch64-apple-darwin\ndebug_assertions\nproc_macro\ntarget_arch=\"x86_64\"\ntarget_endian=\"little\"\ntarget_env=\"\"\ntarget_family=\"unix\"\ntarget_feature=\"fxsr\"\ntarget_feature=\"sse\"\ntarget_feature=\"sse2\"\ntarget_feature=\"sse3\"\ntarget_feature=\"ssse3\"\ntarget_os=\"macos\"\ntarget_pointer_width=\"64\"\ntarget_vendor=\"apple\"\nunix\n","stderr":""},"2797684049618456168":{"success":true,"status":"","code":0,"stdout":"___\nlib___.rlib\nlib___.dylib\nlib___.dylib\nlib___.a\nlib___.dylib\n","stderr":""},"931469667778813386":{"success":true,"status":"","code":0,"stdout":"___\nlib___.rlib\nlib___.dylib\nlib___.dylib\nlib___.a\nlib___.dylib\n/Users/bailee/.rustup/toolchains/stable-aarch64-apple-darwin\ndebug_assertions\nproc_macro\ntarget_arch=\"aarch64\"\ntarget_endian=\"little\"\ntarget_env=\"\"\ntarget_family=\"unix\"\ntarget_os=\"macos\"\ntarget_pointer_width=\"64\"\ntarget_vendor=\"apple\"\nunix\n","stderr":""},"15663936817824719399":{"success":true,"status":"","code":0,"stdout":"___\nlib___.rlib\nlib___.dylib\nlib___.dylib\nlib___.a\nlib___.dylib\n","stderr":""},"17598535894874457435":{"success":true,"status":"","code":0,"stdout":"rustc 1.55.0 (c8dfcfe04 2021-09-06)\nbinary: rustc\ncommit-hash: c8dfcfe046a7680554bf4eb612bad840e7631c4b\ncommit-date: 2021-09-06\nhost: aarch64-apple-darwin\nrelease: 1.55.0\nLLVM version: 12.0.1\n","stderr":""},"5514083843160573269":{"success":true,"status":"","code":0,"stdout":"___\nlib___.rlib\nlib___.dylib\nlib___.dylib\nlib___.a\nlib___.dylib\n/Users/bailee/.rustup/toolchains/stable-aarch64-apple-darwin\ndebug_assertions\nproc_macro\ntarget_arch=\"aarch64\"\ntarget_endian=\"little\"\ntarget_env=\"\"\ntarget_family=\"unix\"\ntarget_os=\"macos\"\ntarget_pointer_width=\"64\"\ntarget_vendor=\"apple\"\nunix\n","stderr":""},"8420174688815082076":{"success":false,"status":"exit status: 1","code":1,"stdout":"","stderr":"error: `-Csplit-debuginfo` is unstable on this platform\n\n"}},"successes":{}}